{"flutter":{"platforms":{"android":{"default":{"projectId":"ditgroup-29bfb","appId":"1:895206997397:android:b67ef9d7d6ba39d8398a9c","fileOutput":"android/app/google-services.json"}},"dart":{"lib/firebase_options.dart":{"projectId":"ditgroup-29bfb","configurations":{"android":"1:895206997397:android:b67ef9d7d6ba39d8398a9c","ios":"1:895206997397:ios:4895c2128246f88d398a9c","macos":"1:895206997397:ios:4895c2128246f88d398a9c","web":"1:895206997397:web:fe63342683db55a8398a9c","windows":"1:895206997397:web:9a48dc63f7f666ac398a9c"}}}}}}